cat,data_,fatura,lancamento,valor
Educação,2026-06-07,2026-06-01 00:00:00,Livraria Cultura,60.39
Vestuário,2026-06-07,2026-06-01 00:00:00,C&A,112.33
Moradia,2026-06-07,2026-06-01 00:00:00,Condomínio,348.07
Lazer,2026-06-07,2026-06-01 00:00:00,Cinemark,56.13
Educação,2026-06-07,2026-06-01 00:00:00,Udemy,99.13
Transporte,2026-06-07,2026-06-01 00:00:00,Uber,189.96
Lazer,2026-06-07,2026-06-01 00:00:00,Netflix,55.34
Educação,2026-06-07,2026-06-01 00:00:00,Udemy,104.6
Transporte,2026-06-06,2026-06-01 00:00:00,99App,157.69
Vestuário,2026-06-06,2026-06-01 00:00:00,Renner,66.41
Moradia,2026-06-06,2026-06-01 00:00:00,Sabesp,197.52
Moradia,2026-06-05,2026-06-01 00:00:00,Vivo Internet,120.4
Educação,2026-06-05,2026-06-01 00:00:00,Udemy,138.11
Vestuário,2026-06-05,2026-06-01 00:00:00,Zara,89.92
Transporte,2026-06-05,2026-06-01 00:00:00,Uber,105.19
Saúde,2026-06-05,2026-06-01 00:00:00,Academia SmartFit,15.5
Alimentação,2026-06-05,2026-06-01 00:00:00,Ifood,207.99
Lazer,2026-06-05,2026-06-01 00:00:00,Netflix,18.57
Moradia,2026-06-05,2026-06-01 00:00:00,Sabesp,135.01
Educação,2026-06-04,2026-06-01 00:00:00,Alura,12.32
Saúde,2026-06-04,2026-06-01 00:00:00,Academia SmartFit,50.47
Vestuário,2026-06-04,2026-06-01 00:00:00,Shopee,74.78
Lazer,2026-06-04,2026-06-01 00:00:00,Spotify,51.47
Vestuário,2026-06-04,2026-06-01 00:00:00,Mercado Livre,139.88
Educação,2026-06-04,2026-06-01 00:00:00,Alura,33.16
Transporte,2026-06-04,2026-06-01 00:00:00,Metrô SP,52.19
Alimentação,2026-06-04,2026-06-01 00:00:00,Z Delivery,247.67
Saúde,2026-06-03,2026-06-01 00:00:00,Farmacia Pague Menos,36.0
Moradia,2026-06-03,2026-06-01 00:00:00,Sabesp,375.15
Lazer,2026-06-03,2026-06-01 00:00:00,Netflix,17.53
Lazer,2026-06-03,2026-06-01 00:00:00,Steam,18.15
Transporte,2026-06-03,2026-06-01 00:00:00,Shell Select,146.06
Transporte,2026-06-02,2026-06-01 00:00:00,Sem Parar,71.32
Educação,2026-06-02,2026-06-01 00:00:00,Livraria Cultura,42.82
Saúde,2026-06-02,2026-06-01 00:00:00,Academia SmartFit,121.43
Transporte,2026-06-02,2026-06-01 00:00:00,Uber,127.54
Alimentação,2026-06-02,2026-06-01 00:00:00,Carrefour,79.59
Educação,2026-06-02,2026-06-01 00:00:00,Udemy,85.67
Saúde,2026-06-01,2026-06-01 00:00:00,Dr Consulta,141.22
Lazer,2026-06-01,2026-06-01 00:00:00,Amazon Prime,16.58
Vestuário,2026-06-01,2026-06-01 00:00:00,Renner,60.45
Saúde,2026-06-01,2026-06-01 00:00:00,Droga Raia,83.94
Vestuário,2026-06-01,2026-06-01 00:00:00,Renner,118.64
Moradia,2026-06-01,2026-06-01 00:00:00,Enel,412.18
Alimentação,2026-06-01,2026-06-01 00:00:00,Ifood,60.2
Lazer,2026-05-31,2026-05-01 00:00:00,Netflix,26.49
Moradia,2026-05-31,2026-05-01 00:00:00,Vivo Internet,428.5
Lazer,2026-05-31,2026-05-01 00:00:00,Spotify,57.47
Transporte,2026-05-30,2026-05-01 00:00:00,Shell Select,29.84
Alimentação,2026-05-30,2026-05-01 00:00:00,Carrefour,249.33
Vestuário,2026-05-30,2026-05-01 00:00:00,Renner,79.36
Alimentação,2026-05-30,2026-05-01 00:00:00,Carrefour,139.93
Saúde,2026-05-30,2026-05-01 00:00:00,Dr Consulta,107.58
Moradia,2026-05-30,2026-05-01 00:00:00,Vivo Internet,498.08
Transporte,2026-05-30,2026-05-01 00:00:00,Uber,72.18
Transporte,2026-05-30,2026-05-01 00:00:00,99App,152.3
Vestuário,2026-05-30,2026-05-01 00:00:00,Shopee,131.81
Vestuário,2026-05-29,2026-05-01 00:00:00,Renner,140.1
Moradia,2026-05-29,2026-05-01 00:00:00,Vivo Internet,85.98
Educação,2026-05-29,2026-05-01 00:00:00,Papelaria,82.62
Moradia,2026-05-29,2026-05-01 00:00:00,Enel,240.52
Saúde,2026-05-29,2026-05-01 00:00:00,Academia SmartFit,75.02
Vestuário,2026-05-28,2026-05-01 00:00:00,Mercado Livre,33.59
Lazer,2026-05-28,2026-05-01 00:00:00,Steam,46.9
Moradia,2026-05-27,2026-05-01 00:00:00,Enel,304.06
Vestuário,2026-05-27,2026-05-01 00:00:00,C&A,146.34
Transporte,2026-05-27,2026-05-01 00:00:00,Posto Ipiranga,118.66
Lazer,2026-05-27,2026-05-01 00:00:00,Netflix,21.56
Alimentação,2026-05-27,2026-05-01 00:00:00,Z Delivery,57.21
Saúde,2026-05-27,2026-05-01 00:00:00,Farmacia Pague Menos,103.29
Educação,2026-05-26,2026-05-01 00:00:00,Papelaria,32.84
Vestuário,2026-05-26,2026-05-01 00:00:00,C&A,58.38
Transporte,2026-05-26,2026-05-01 00:00:00,Sem Parar,183.1
Vestuário,2026-05-26,2026-05-01 00:00:00,Mercado Livre,108.08
Alimentação,2026-05-26,2026-05-01 00:00:00,Z Delivery,188.01
Transporte,2026-05-26,2026-05-01 00:00:00,Shell Select,53.06
Vestuário,2026-05-26,2026-05-01 00:00:00,Renner,36.32
Saúde,2026-05-25,2026-05-01 00:00:00,Academia SmartFit,57.23
Vestuário,2026-05-25,2026-05-01 00:00:00,Mercado Livre,103.83
Saúde,2026-05-25,2026-05-01 00:00:00,Academia SmartFit,52.35
Vestuário,2026-05-25,2026-05-01 00:00:00,C&A,94.35
Educação,2026-05-25,2026-05-01 00:00:00,Livraria Cultura,127.67
Lazer,2026-05-25,2026-05-01 00:00:00,Cinemark,54.62
Alimentação,2026-05-25,2026-05-01 00:00:00,Z Delivery,220.6
Moradia,2026-05-25,2026-05-01 00:00:00,Leroy Merlin,395.22
Alimentação,2026-05-24,2026-05-01 00:00:00,Pao de Acucar,124.98
Saúde,2026-05-24,2026-05-01 00:00:00,Academia SmartFit,23.01
Transporte,2026-05-24,2026-05-01 00:00:00,Posto Ipiranga,32.83
Educação,2026-05-24,2026-05-01 00:00:00,Udemy,56.59
Moradia,2026-05-24,2026-05-01 00:00:00,Leroy Merlin,88.02
Educação,2026-05-24,2026-05-01 00:00:00,Alura,45.91
Lazer,2026-05-23,2026-05-01 00:00:00,Netflix,23.01
Saúde,2026-05-23,2026-05-01 00:00:00,Farmacia Pague Menos,48.25
Vestuário,2026-05-23,2026-05-01 00:00:00,Mercado Livre,142.36
Vestuário,2026-05-23,2026-05-01 00:00:00,Zara,105.84
Educação,2026-05-23,2026-05-01 00:00:00,Alura,149.51
Vestuário,2026-05-23,2026-05-01 00:00:00,Renner,134.9
Vestuário,2026-05-22,2026-05-01 00:00:00,Mercado Livre,29.72
Alimentação,2026-05-22,2026-05-01 00:00:00,Ifood,125.91
Lazer,2026-05-22,2026-05-01 00:00:00,Steam,37.36
Saúde,2026-05-22,2026-05-01 00:00:00,Farmacia Pague Menos,140.96
Educação,2026-05-22,2026-05-01 00:00:00,Livraria Cultura,15.84
Saúde,2026-05-21,2026-05-01 00:00:00,Academia SmartFit,41.16
Saúde,2026-05-21,2026-05-01 00:00:00,Farmacia Pague Menos,95.16
Saúde,2026-05-21,2026-05-01 00:00:00,Farmacia Pague Menos,68.24
Vestuário,2026-05-21,2026-05-01 00:00:00,Mercado Livre,28.17
Alimentação,2026-05-21,2026-05-01 00:00:00,Padaria Central,213.94
Educação,2026-05-21,2026-05-01 00:00:00,Papelaria,14.11
Vestuário,2026-05-21,2026-05-01 00:00:00,Zara,72.76
Educação,2026-05-20,2026-05-01 00:00:00,Udemy,26.25
Saúde,2026-05-20,2026-05-01 00:00:00,Dr Consulta,73.16
Alimentação,2026-05-20,2026-05-01 00:00:00,Z Delivery,34.74
Educação,2026-05-20,2026-05-01 00:00:00,Livraria Cultura,81.99
Vestuário,2026-05-20,2026-05-01 00:00:00,Mercado Livre,57.32
Vestuário,2026-05-20,2026-05-01 00:00:00,Mercado Livre,124.57
Lazer,2026-05-20,2026-05-01 00:00:00,Spotify,31.16
Alimentação,2026-05-20,2026-05-01 00:00:00,Burger King,46.26
Transporte,2026-05-20,2026-05-01 00:00:00,Uber,138.81
Saúde,2026-05-20,2026-05-01 00:00:00,Dr Consulta,87.08
Moradia,2026-05-19,2026-05-01 00:00:00,Leroy Merlin,269.28
Lazer,2026-05-19,2026-05-01 00:00:00,Steam,32.22
Moradia,2026-05-19,2026-05-01 00:00:00,Vivo Internet,235.23
Saúde,2026-05-19,2026-05-01 00:00:00,Droga Raia,100.59
Transporte,2026-05-19,2026-05-01 00:00:00,99App,37.83
Transporte,2026-05-19,2026-05-01 00:00:00,Metrô SP,92.54
Transporte,2026-05-18,2026-05-01 00:00:00,Uber,27.63
Vestuário,2026-05-18,2026-05-01 00:00:00,C&A,140.66
Vestuário,2026-05-18,2026-05-01 00:00:00,Mercado Livre,90.57
Vestuário,2026-05-18,2026-05-01 00:00:00,C&A,63.53
Moradia,2026-05-18,2026-05-01 00:00:00,Sabesp,392.58
Lazer,2026-05-18,2026-05-01 00:00:00,Spotify,42.66
Lazer,2026-05-17,2026-05-01 00:00:00,Spotify,51.04
Vestuário,2026-05-17,2026-05-01 00:00:00,Shopee,39.72
Saúde,2026-05-17,2026-05-01 00:00:00,Academia SmartFit,39.46
Lazer,2026-05-17,2026-05-01 00:00:00,Spotify,27.97
Transporte,2026-05-17,2026-05-01 00:00:00,Uber,48.94
Transporte,2026-05-17,2026-05-01 00:00:00,Metrô SP,179.35
Transporte,2026-05-17,2026-05-01 00:00:00,Uber,161.16
Vestuário,2026-05-17,2026-05-01 00:00:00,Renner,147.77
Educação,2026-05-17,2026-05-01 00:00:00,Alura,97.57
Lazer,2026-05-17,2026-05-01 00:00:00,Cinemark,37.71
Moradia,2026-05-16,2026-05-01 00:00:00,Condomínio,278.28
Educação,2026-05-16,2026-05-01 00:00:00,Papelaria,37.0
Moradia,2026-05-16,2026-05-01 00:00:00,Leroy Merlin,192.33
Saúde,2026-05-16,2026-05-01 00:00:00,Dr Consulta,41.17
Transporte,2026-05-15,2026-05-01 00:00:00,Posto Ipiranga,13.73
Moradia,2026-05-15,2026-05-01 00:00:00,Sabesp,69.92
Lazer,2026-05-15,2026-05-01 00:00:00,Amazon Prime,21.94
Vestuário,2026-05-15,2026-05-01 00:00:00,Mercado Livre,30.15
Saúde,2026-05-14,2026-05-01 00:00:00,Academia SmartFit,42.22
Moradia,2026-05-14,2026-05-01 00:00:00,Condomínio,373.02
Vestuário,2026-05-14,2026-05-01 00:00:00,Zara,148.08
Vestuário,2026-05-13,2026-05-01 00:00:00,Mercado Livre,109.3
Transporte,2026-05-13,2026-05-01 00:00:00,Posto Ipiranga,79.18
Alimentação,2026-05-13,2026-05-01 00:00:00,Burger King,53.62
Educação,2026-05-13,2026-05-01 00:00:00,Udemy,46.19
Alimentação,2026-05-13,2026-05-01 00:00:00,McDonalds,253.44
Vestuário,2026-05-13,2026-05-01 00:00:00,Zara,141.68
Vestuário,2026-05-12,2026-05-01 00:00:00,Zara,121.93
Saúde,2026-05-12,2026-05-01 00:00:00,Dr Consulta,71.28
Educação,2026-05-12,2026-05-01 00:00:00,Alura,121.91
Transporte,2026-05-12,2026-05-01 00:00:00,Sem Parar,151.76
Alimentação,2026-05-12,2026-05-01 00:00:00,McDonalds,175.97
Transporte,2026-05-12,2026-05-01 00:00:00,Uber,157.14
Educação,2026-05-12,2026-05-01 00:00:00,Livraria Cultura,131.13
Saúde,2026-05-11,2026-05-01 00:00:00,Droga Raia,120.58
Alimentação,2026-05-11,2026-05-01 00:00:00,Ifood,203.8
Educação,2026-05-11,2026-05-01 00:00:00,Alura,75.0
Moradia,2026-05-11,2026-05-01 00:00:00,Vivo Internet,173.31
Vestuário,2026-05-11,2026-05-01 00:00:00,Renner,119.0
Moradia,2026-05-10,2026-05-01 00:00:00,Vivo Internet,310.2
Alimentação,2026-05-10,2026-05-01 00:00:00,Z Delivery,48.34
Transporte,2026-05-10,2026-05-01 00:00:00,Shell Select,99.84
Alimentação,2026-05-10,2026-05-01 00:00:00,Burger King,290.89
Educação,2026-05-10,2026-05-01 00:00:00,Udemy,59.04
Saúde,2026-05-09,2026-05-01 00:00:00,Dr Consulta,137.75
Transporte,2026-05-09,2026-05-01 00:00:00,Uber,64.02
Saúde,2026-05-09,2026-05-01 00:00:00,Academia SmartFit,82.65
Lazer,2026-05-09,2026-05-01 00:00:00,Netflix,55.49
Alimentação,2026-05-09,2026-05-01 00:00:00,Ifood,92.77
Educação,2026-05-09,2026-05-01 00:00:00,Udemy,13.29
Educação,2026-05-08,2026-05-01 00:00:00,Udemy,17.87
Moradia,2026-05-08,2026-05-01 00:00:00,Leroy Merlin,227.0
Alimentação,2026-05-08,2026-05-01 00:00:00,Burger King,74.16
Alimentação,2026-05-08,2026-05-01 00:00:00,McDonalds,293.47
Lazer,2026-05-07,2026-05-01 00:00:00,Spotify,55.33
Alimentação,2026-05-07,2026-05-01 00:00:00,Carrefour,162.47
Educação,2026-05-07,2026-05-01 00:00:00,Livraria Cultura,118.11
Moradia,2026-05-07,2026-05-01 00:00:00,Sabesp,355.22
Vestuário,2026-05-07,2026-05-01 00:00:00,Mercado Livre,90.91
Educação,2026-05-07,2026-05-01 00:00:00,Livraria Cultura,146.21
Saúde,2026-05-06,2026-05-01 00:00:00,Droga Raia,25.3
Saúde,2026-05-06,2026-05-01 00:00:00,Farmacia Pague Menos,134.94
Alimentação,2026-05-06,2026-05-01 00:00:00,McDonalds,172.37
Moradia,2026-05-06,2026-05-01 00:00:00,Condomínio,296.78
Educação,2026-05-06,2026-05-01 00:00:00,Udemy,39.03
Moradia,2026-05-06,2026-05-01 00:00:00,Vivo Internet,439.97
Saúde,2026-05-06,2026-05-01 00:00:00,Farmacia Pague Menos,72.93
Lazer,2026-05-05,2026-05-01 00:00:00,Steam,20.4
Vestuário,2026-05-05,2026-05-01 00:00:00,Shopee,36.24
Transporte,2026-05-05,2026-05-01 00:00:00,Posto Ipiranga,25.4
Educação,2026-05-05,2026-05-01 00:00:00,Alura,114.54
Educação,2026-05-05,2026-05-01 00:00:00,Papelaria,107.67
Alimentação,2026-05-05,2026-05-01 00:00:00,Burger King,154.1
Transporte,2026-05-05,2026-05-01 00:00:00,Posto Ipiranga,164.12
Moradia,2026-05-05,2026-05-01 00:00:00,Vivo Internet,327.68
Saúde,2026-05-05,2026-05-01 00:00:00,Droga Raia,52.98
Moradia,2026-05-04,2026-05-01 00:00:00,Condomínio,293.27
Transporte,2026-05-04,2026-05-01 00:00:00,99App,198.7
Educação,2026-05-04,2026-05-01 00:00:00,Papelaria,86.22
Alimentação,2026-05-04,2026-05-01 00:00:00,Ifood,233.16
Alimentação,2026-05-04,2026-05-01 00:00:00,Pao de Acucar,266.9
Educação,2026-05-03,2026-05-01 00:00:00,Alura,114.55
Vestuário,2026-05-03,2026-05-01 00:00:00,Mercado Livre,112.83
Moradia,2026-05-03,2026-05-01 00:00:00,Leroy Merlin,162.64
Alimentação,2026-05-03,2026-05-01 00:00:00,Carrefour,202.43
Transporte,2026-05-03,2026-05-01 00:00:00,Shell Select,171.6
Educação,2026-05-02,2026-05-01 00:00:00,Alura,11.42
Lazer,2026-05-02,2026-05-01 00:00:00,Amazon Prime,51.7
Alimentação,2026-05-02,2026-05-01 00:00:00,Carrefour,296.17
Lazer,2026-05-02,2026-05-01 00:00:00,Spotify,17.49
Educação,2026-05-02,2026-05-01 00:00:00,Livraria Cultura,32.2
Transporte,2026-05-02,2026-05-01 00:00:00,Sem Parar,126.73
Moradia,2026-05-02,2026-05-01 00:00:00,Condomínio,379.54
Moradia,2026-05-01,2026-05-01 00:00:00,Leroy Merlin,331.74
Alimentação,2026-05-01,2026-05-01 00:00:00,Ifood,105.99
Saúde,2026-05-01,2026-05-01 00:00:00,Dr Consulta,43.19
Lazer,2026-05-01,2026-05-01 00:00:00,Steam,41.19
Lazer,2026-05-01,2026-05-01 00:00:00,Netflix,55.12
Moradia,2026-05-01,2026-05-01 00:00:00,Condomínio,242.28
Vestuário,2026-04-30,2026-04-01 00:00:00,Mercado Livre,14.15
Vestuário,2026-04-30,2026-04-01 00:00:00,Zara,23.53
Educação,2026-04-30,2026-04-01 00:00:00,Papelaria,50.91
Saúde,2026-04-30,2026-04-01 00:00:00,Droga Raia,66.11
Educação,2026-04-29,2026-04-01 00:00:00,Livraria Cultura,33.18
Transporte,2026-04-29,2026-04-01 00:00:00,Shell Select,62.54
Educação,2026-04-29,2026-04-01 00:00:00,Udemy,103.23
Saúde,2026-04-29,2026-04-01 00:00:00,Farmacia Pague Menos,102.5
Lazer,2026-04-29,2026-04-01 00:00:00,Cinemark,46.52
Moradia,2026-04-29,2026-04-01 00:00:00,Leroy Merlin,441.38
Saúde,2026-04-29,2026-04-01 00:00:00,Farmacia Pague Menos,91.93
Saúde,2026-04-29,2026-04-01 00:00:00,Dr Consulta,37.3
Transporte,2026-04-29,2026-04-01 00:00:00,Metrô SP,185.43
Lazer,2026-04-28,2026-04-01 00:00:00,Amazon Prime,28.07
Lazer,2026-04-28,2026-04-01 00:00:00,Cinemark,36.91
Vestuário,2026-04-28,2026-04-01 00:00:00,Zara,83.62
Vestuário,2026-04-28,2026-04-01 00:00:00,Renner,79.14
Educação,2026-04-28,2026-04-01 00:00:00,Udemy,64.99
Transporte,2026-04-28,2026-04-01 00:00:00,Uber,132.84
Transporte,2026-04-28,2026-04-01 00:00:00,Posto Ipiranga,127.56
Vestuário,2026-04-28,2026-04-01 00:00:00,C&A,42.33
Saúde,2026-04-28,2026-04-01 00:00:00,Droga Raia,129.47
Lazer,2026-04-28,2026-04-01 00:00:00,Netflix,51.86
Lazer,2026-04-27,2026-04-01 00:00:00,Steam,55.23
Saúde,2026-04-27,2026-04-01 00:00:00,Dr Consulta,119.19
Educação,2026-04-27,2026-04-01 00:00:00,Udemy,30.72
Transporte,2026-04-27,2026-04-01 00:00:00,Posto Ipiranga,197.93
Educação,2026-04-27,2026-04-01 00:00:00,Papelaria,37.89
Educação,2026-04-26,2026-04-01 00:00:00,Papelaria,136.38
Lazer,2026-04-26,2026-04-01 00:00:00,Amazon Prime,15.24
Lazer,2026-04-26,2026-04-01 00:00:00,Netflix,41.43
Saúde,2026-04-26,2026-04-01 00:00:00,Academia SmartFit,98.49
Transporte,2026-04-26,2026-04-01 00:00:00,Metrô SP,56.88
Transporte,2026-04-26,2026-04-01 00:00:00,Sem Parar,41.89
Lazer,2026-04-26,2026-04-01 00:00:00,Netflix,29.85
Saúde,2026-04-25,2026-04-01 00:00:00,Farmacia Pague Menos,60.55
Saúde,2026-04-25,2026-04-01 00:00:00,Droga Raia,122.86
Transporte,2026-04-25,2026-04-01 00:00:00,Sem Parar,28.79
Vestuário,2026-04-25,2026-04-01 00:00:00,C&A,15.38
Vestuário,2026-04-25,2026-04-01 00:00:00,Shopee,119.36
Educação,2026-04-24,2026-04-01 00:00:00,Livraria Cultura,42.51
Lazer,2026-04-24,2026-04-01 00:00:00,Amazon Prime,59.24
Educação,2026-04-24,2026-04-01 00:00:00,Udemy,63.88
Alimentação,2026-04-24,2026-04-01 00:00:00,Pao de Acucar,235.1
Alimentação,2026-04-24,2026-04-01 00:00:00,Padaria Central,120.83
Moradia,2026-04-24,2026-04-01 00:00:00,Leroy Merlin,186.29
Transporte,2026-04-23,2026-04-01 00:00:00,Sem Parar,23.89
Moradia,2026-04-23,2026-04-01 00:00:00,Enel,271.93
Educação,2026-04-23,2026-04-01 00:00:00,Papelaria,142.58
Saúde,2026-04-22,2026-04-01 00:00:00,Droga Raia,56.12
Alimentação,2026-04-22,2026-04-01 00:00:00,Padaria Central,81.25
Saúde,2026-04-22,2026-04-01 00:00:00,Dr Consulta,122.0
Vestuário,2026-04-22,2026-04-01 00:00:00,Shopee,45.72
Moradia,2026-04-22,2026-04-01 00:00:00,Sabesp,287.9
Transporte,2026-04-22,2026-04-01 00:00:00,Shell Select,157.98
Vestuário,2026-04-21,2026-04-01 00:00:00,Mercado Livre,69.85
Educação,2026-04-21,2026-04-01 00:00:00,Livraria Cultura,17.77
Transporte,2026-04-21,2026-04-01 00:00:00,Shell Select,108.35
Moradia,2026-04-21,2026-04-01 00:00:00,Vivo Internet,250.98
Transporte,2026-04-20,2026-04-01 00:00:00,Metrô SP,75.24
Saúde,2026-04-20,2026-04-01 00:00:00,Dr Consulta,126.0
Educação,2026-04-20,2026-04-01 00:00:00,Alura,140.6
Saúde,2026-04-20,2026-04-01 00:00:00,Droga Raia,25.51
Lazer,2026-04-20,2026-04-01 00:00:00,Spotify,19.89
Lazer,2026-04-20,2026-04-01 00:00:00,Steam,18.45
Lazer,2026-04-19,2026-04-01 00:00:00,Cinemark,29.25
Lazer,2026-04-19,2026-04-01 00:00:00,Cinemark,52.89
Saúde,2026-04-19,2026-04-01 00:00:00,Droga Raia,30.56
Lazer,2026-04-19,2026-04-01 00:00:00,Cinemark,56.65
Educação,2026-04-19,2026-04-01 00:00:00,Papelaria,131.85
Transporte,2026-04-19,2026-04-01 00:00:00,Metrô SP,168.33
Vestuário,2026-04-19,2026-04-01 00:00:00,C&A,55.76
Saúde,2026-04-18,2026-04-01 00:00:00,Farmacia Pague Menos,49.78
Moradia,2026-04-18,2026-04-01 00:00:00,Sabesp,125.59
Educação,2026-04-18,2026-04-01 00:00:00,Udemy,126.78
Transporte,2026-04-18,2026-04-01 00:00:00,99App,112.76
Educação,2026-04-17,2026-04-01 00:00:00,Papelaria,18.23
Transporte,2026-04-17,2026-04-01 00:00:00,Sem Parar,16.53
Transporte,2026-04-17,2026-04-01 00:00:00,Uber,44.03
Transporte,2026-04-16,2026-04-01 00:00:00,Shell Select,132.25
Moradia,2026-04-16,2026-04-01 00:00:00,Condomínio,172.61
Alimentação,2026-04-16,2026-04-01 00:00:00,Padaria Central,104.22
Moradia,2026-04-16,2026-04-01 00:00:00,Sabesp,157.91
Transporte,2026-04-16,2026-04-01 00:00:00,Metrô SP,194.69
Educação,2026-04-15,2026-04-01 00:00:00,Livraria Cultura,127.03
Saúde,2026-04-15,2026-04-01 00:00:00,Farmacia Pague Menos,122.87
Saúde,2026-04-15,2026-04-01 00:00:00,Droga Raia,78.55
Transporte,2026-04-15,2026-04-01 00:00:00,Sem Parar,57.28
Vestuário,2026-04-15,2026-04-01 00:00:00,Mercado Livre,18.21
Saúde,2026-04-15,2026-04-01 00:00:00,Academia SmartFit,11.87
Alimentação,2026-04-14,2026-04-01 00:00:00,Z Delivery,48.06
Lazer,2026-04-14,2026-04-01 00:00:00,Amazon Prime,44.71
Vestuário,2026-04-14,2026-04-01 00:00:00,Zara,52.96
Saúde,2026-04-14,2026-04-01 00:00:00,Droga Raia,44.63
Transporte,2026-04-13,2026-04-01 00:00:00,Uber,35.73
Saúde,2026-04-13,2026-04-01 00:00:00,Academia SmartFit,63.57
Alimentação,2026-04-13,2026-04-01 00:00:00,Carrefour,253.74
Lazer,2026-04-13,2026-04-01 00:00:00,Cinemark,25.04
Educação,2026-04-13,2026-04-01 00:00:00,Livraria Cultura,71.06
Transporte,2026-04-12,2026-04-01 00:00:00,Shell Select,34.7
Moradia,2026-04-12,2026-04-01 00:00:00,Leroy Merlin,104.62
Alimentação,2026-04-12,2026-04-01 00:00:00,Ifood,71.1
Alimentação,2026-04-12,2026-04-01 00:00:00,McDonalds,203.2
Alimentação,2026-04-12,2026-04-01 00:00:00,McDonalds,98.29
Alimentação,2026-04-12,2026-04-01 00:00:00,Pao de Acucar,211.5
Vestuário,2026-04-12,2026-04-01 00:00:00,Shopee,50.39
Vestuário,2026-04-11,2026-04-01 00:00:00,Shopee,148.81
Educação,2026-04-11,2026-04-01 00:00:00,Alura,117.38
Saúde,2026-04-10,2026-04-01 00:00:00,Farmacia Pague Menos,34.43
Vestuário,2026-04-10,2026-04-01 00:00:00,Mercado Livre,58.57
Transporte,2026-04-10,2026-04-01 00:00:00,Sem Parar,22.97
Educação,2026-04-10,2026-04-01 00:00:00,Papelaria,38.3
Lazer,2026-04-10,2026-04-01 00:00:00,Amazon Prime,33.33
Lazer,2026-04-10,2026-04-01 00:00:00,Cinemark,46.7
Alimentação,2026-04-10,2026-04-01 00:00:00,Pao de Acucar,292.55
Vestuário,2026-04-10,2026-04-01 00:00:00,Mercado Livre,33.75
Vestuário,2026-04-09,2026-04-01 00:00:00,Renner,83.19
Saúde,2026-04-09,2026-04-01 00:00:00,Academia SmartFit,77.27
Alimentação,2026-04-09,2026-04-01 00:00:00,Z Delivery,120.58
Lazer,2026-04-09,2026-04-01 00:00:00,Spotify,23.8
Saúde,2026-04-09,2026-04-01 00:00:00,Droga Raia,76.96
Alimentação,2026-04-09,2026-04-01 00:00:00,Z Delivery,185.16
Saúde,2026-04-09,2026-04-01 00:00:00,Academia SmartFit,67.08
Educação,2026-04-09,2026-04-01 00:00:00,Papelaria,52.29
Alimentação,2026-04-08,2026-04-01 00:00:00,Ifood,169.91
Saúde,2026-04-08,2026-04-01 00:00:00,Droga Raia,24.36
Vestuário,2026-04-08,2026-04-01 00:00:00,Renner,140.67
Lazer,2026-04-07,2026-04-01 00:00:00,Netflix,47.77
Transporte,2026-04-07,2026-04-01 00:00:00,Sem Parar,89.13
Moradia,2026-04-07,2026-04-01 00:00:00,Enel,170.5
Transporte,2026-04-07,2026-04-01 00:00:00,99App,135.72
Moradia,2026-04-07,2026-04-01 00:00:00,Sabesp,358.96
Lazer,2026-04-07,2026-04-01 00:00:00,Spotify,50.27
Lazer,2026-04-07,2026-04-01 00:00:00,Steam,24.45
Educação,2026-04-07,2026-04-01 00:00:00,Livraria Cultura,106.44
Transporte,2026-04-06,2026-04-01 00:00:00,Posto Ipiranga,177.69
Moradia,2026-04-06,2026-04-01 00:00:00,Sabesp,497.59
Alimentação,2026-04-06,2026-04-01 00:00:00,Carrefour,254.49
Transporte,2026-04-06,2026-04-01 00:00:00,99App,63.21
Educação,2026-04-06,2026-04-01 00:00:00,Alura,120.87
Saúde,2026-04-06,2026-04-01 00:00:00,Dr Consulta,25.97
Moradia,2026-04-05,2026-04-01 00:00:00,Leroy Merlin,56.3
Transporte,2026-04-05,2026-04-01 00:00:00,Posto Ipiranga,76.81
Alimentação,2026-04-05,2026-04-01 00:00:00,Ifood,83.08
Moradia,2026-04-05,2026-04-01 00:00:00,Sabesp,280.42
Saúde,2026-04-05,2026-04-01 00:00:00,Farmacia Pague Menos,44.59
Lazer,2026-04-05,2026-04-01 00:00:00,Cinemark,22.46
Saúde,2026-04-05,2026-04-01 00:00:00,Dr Consulta,121.15
Saúde,2026-04-05,2026-04-01 00:00:00,Farmacia Pague Menos,129.0
Moradia,2026-04-05,2026-04-01 00:00:00,Sabesp,71.68
Lazer,2026-04-04,2026-04-01 00:00:00,Amazon Prime,16.57
Moradia,2026-04-04,2026-04-01 00:00:00,Enel,104.77
Saúde,2026-04-04,2026-04-01 00:00:00,Farmacia Pague Menos,117.24
Saúde,2026-04-04,2026-04-01 00:00:00,Farmacia Pague Menos,39.91
Vestuário,2026-04-04,2026-04-01 00:00:00,C&A,123.13
Saúde,2026-04-03,2026-04-01 00:00:00,Droga Raia,94.2
Lazer,2026-04-03,2026-04-01 00:00:00,Steam,17.16
Lazer,2026-04-03,2026-04-01 00:00:00,Netflix,44.52
Saúde,2026-04-03,2026-04-01 00:00:00,Dr Consulta,11.31
Educação,2026-04-02,2026-04-01 00:00:00,Udemy,118.43
Lazer,2026-04-02,2026-04-01 00:00:00,Spotify,25.53
Vestuário,2026-04-02,2026-04-01 00:00:00,C&A,132.17
Lazer,2026-04-02,2026-04-01 00:00:00,Cinemark,32.43
Alimentação,2026-04-02,2026-04-01 00:00:00,Carrefour,27.83
Alimentação,2026-04-02,2026-04-01 00:00:00,Burger King,93.74
Moradia,2026-04-02,2026-04-01 00:00:00,Condomínio,106.53
Transporte,2026-04-01,2026-04-01 00:00:00,Sem Parar,166.23
Vestuário,2026-04-01,2026-04-01 00:00:00,C&A,134.74
Moradia,2026-04-01,2026-04-01 00:00:00,Vivo Internet,158.68
Moradia,2026-04-01,2026-04-01 00:00:00,Leroy Merlin,86.4
Saúde,2026-04-01,2026-04-01 00:00:00,Droga Raia,79.55
Lazer,2026-04-01,2026-04-01 00:00:00,Amazon Prime,56.32
Alimentação,2026-04-01,2026-04-01 00:00:00,Burger King,120.0
Alimentação,2026-04-01,2026-04-01 00:00:00,Burger King,243.8
Vestuário,2026-04-01,2026-04-01 00:00:00,Mercado Livre,109.12
Moradia,2026-04-01,2026-04-01 00:00:00,Enel,281.45
Transporte,2026-04-01,2026-04-01 00:00:00,Posto Ipiranga,32.95
Educação,2026-04-01,2026-04-01 00:00:00,Papelaria,104.07
Lazer,2026-04-01,2026-04-01 00:00:00,Spotify,19.32
Transporte,2026-03-31,2026-03-01 00:00:00,Posto Ipiranga,161.46
Educação,2026-03-31,2026-03-01 00:00:00,Alura,35.73
Vestuário,2026-03-31,2026-03-01 00:00:00,Renner,22.17
Educação,2026-03-31,2026-03-01 00:00:00,Udemy,13.68
Educação,2026-03-31,2026-03-01 00:00:00,Papelaria,132.85
Moradia,2026-03-31,2026-03-01 00:00:00,Vivo Internet,147.2
Lazer,2026-03-31,2026-03-01 00:00:00,Spotify,59.78
Vestuário,2026-03-30,2026-03-01 00:00:00,Renner,87.71
Alimentação,2026-03-30,2026-03-01 00:00:00,Pao de Acucar,175.88
Transporte,2026-03-30,2026-03-01 00:00:00,Uber,13.78
Moradia,2026-03-29,2026-03-01 00:00:00,Vivo Internet,55.56
Saúde,2026-03-29,2026-03-01 00:00:00,Academia SmartFit,131.9
Educação,2026-03-29,2026-03-01 00:00:00,Udemy,83.85
Moradia,2026-03-28,2026-03-01 00:00:00,Sabesp,349.03
Educação,2026-03-28,2026-03-01 00:00:00,Alura,36.75
Alimentação,2026-03-28,2026-03-01 00:00:00,McDonalds,81.33
Alimentação,2026-03-28,2026-03-01 00:00:00,McDonalds,287.87
Saúde,2026-03-28,2026-03-01 00:00:00,Academia SmartFit,138.01
Transporte,2026-03-28,2026-03-01 00:00:00,Uber,86.11
Transporte,2026-03-28,2026-03-01 00:00:00,Metrô SP,124.3
Transporte,2026-03-27,2026-03-01 00:00:00,Sem Parar,109.42
Transporte,2026-03-27,2026-03-01 00:00:00,Posto Ipiranga,102.17
Lazer,2026-03-27,2026-03-01 00:00:00,Spotify,47.96
Moradia,2026-03-27,2026-03-01 00:00:00,Enel,223.68
Alimentação,2026-03-27,2026-03-01 00:00:00,Burger King,176.52
Moradia,2026-03-27,2026-03-01 00:00:00,Condomínio,440.71
Educação,2026-03-26,2026-03-01 00:00:00,Udemy,18.73
Educação,2026-03-26,2026-03-01 00:00:00,Alura,91.96
Saúde,2026-03-26,2026-03-01 00:00:00,Dr Consulta,62.19
Educação,2026-03-26,2026-03-01 00:00:00,Livraria Cultura,115.58
Transporte,2026-03-26,2026-03-01 00:00:00,Posto Ipiranga,124.51
Alimentação,2026-03-26,2026-03-01 00:00:00,Burger King,134.26
Alimentação,2026-03-26,2026-03-01 00:00:00,McDonalds,273.46
Transporte,2026-03-26,2026-03-01 00:00:00,Sem Parar,180.12
Moradia,2026-03-25,2026-03-01 00:00:00,Vivo Internet,492.83
Saúde,2026-03-25,2026-03-01 00:00:00,Droga Raia,75.92
Vestuário,2026-03-25,2026-03-01 00:00:00,Renner,32.83
Lazer,2026-03-25,2026-03-01 00:00:00,Cinemark,21.28
Alimentação,2026-03-25,2026-03-01 00:00:00,Carrefour,162.27
Transporte,2026-03-25,2026-03-01 00:00:00,Posto Ipiranga,147.64
Moradia,2026-03-25,2026-03-01 00:00:00,Condomínio,226.52
Moradia,2026-03-24,2026-03-01 00:00:00,Condomínio,133.05
Alimentação,2026-03-24,2026-03-01 00:00:00,Carrefour,257.11
Saúde,2026-03-24,2026-03-01 00:00:00,Academia SmartFit,20.84
Educação,2026-03-24,2026-03-01 00:00:00,Papelaria,26.39
Vestuário,2026-03-23,2026-03-01 00:00:00,C&A,133.21
Alimentação,2026-03-23,2026-03-01 00:00:00,Padaria Central,293.92
Lazer,2026-03-23,2026-03-01 00:00:00,Netflix,24.96
Saúde,2026-03-22,2026-03-01 00:00:00,Farmacia Pague Menos,117.73
Lazer,2026-03-22,2026-03-01 00:00:00,Cinemark,38.09
Transporte,2026-03-22,2026-03-01 00:00:00,Uber,155.08
Saúde,2026-03-22,2026-03-01 00:00:00,Farmacia Pague Menos,134.98
Moradia,2026-03-22,2026-03-01 00:00:00,Condomínio,367.96
Moradia,2026-03-22,2026-03-01 00:00:00,Enel,303.9
Lazer,2026-03-22,2026-03-01 00:00:00,Netflix,35.71
Vestuário,2026-03-21,2026-03-01 00:00:00,Shopee,104.35
Moradia,2026-03-21,2026-03-01 00:00:00,Sabesp,328.99
Moradia,2026-03-21,2026-03-01 00:00:00,Condomínio,352.83
Alimentação,2026-03-20,2026-03-01 00:00:00,Pao de Acucar,112.49
Educação,2026-03-20,2026-03-01 00:00:00,Papelaria,133.45
Transporte,2026-03-20,2026-03-01 00:00:00,Posto Ipiranga,56.87
Lazer,2026-03-20,2026-03-01 00:00:00,Steam,17.78
Educação,2026-03-19,2026-03-01 00:00:00,Alura,63.29
Educação,2026-03-19,2026-03-01 00:00:00,Livraria Cultura,139.71
Alimentação,2026-03-19,2026-03-01 00:00:00,Carrefour,33.23
Lazer,2026-03-19,2026-03-01 00:00:00,Amazon Prime,23.46
Lazer,2026-03-19,2026-03-01 00:00:00,Netflix,31.71
Lazer,2026-03-19,2026-03-01 00:00:00,Netflix,18.3
Educação,2026-03-19,2026-03-01 00:00:00,Papelaria,76.94
Alimentação,2026-03-18,2026-03-01 00:00:00,Pao de Acucar,127.49
Moradia,2026-03-18,2026-03-01 00:00:00,Vivo Internet,61.98
Saúde,2026-03-18,2026-03-01 00:00:00,Academia SmartFit,82.69
Alimentação,2026-03-17,2026-03-01 00:00:00,McDonalds,225.31
Lazer,2026-03-17,2026-03-01 00:00:00,Cinemark,42.19
Moradia,2026-03-17,2026-03-01 00:00:00,Leroy Merlin,252.81
Educação,2026-03-17,2026-03-01 00:00:00,Alura,31.49
Vestuário,2026-03-17,2026-03-01 00:00:00,Mercado Livre,71.96
Transporte,2026-03-17,2026-03-01 00:00:00,Shell Select,76.84
Transporte,2026-03-17,2026-03-01 00:00:00,Uber,130.4
Vestuário,2026-03-17,2026-03-01 00:00:00,Renner,91.57
Vestuário,2026-03-16,2026-03-01 00:00:00,C&A,40.75
Educação,2026-03-16,2026-03-01 00:00:00,Papelaria,95.69
Saúde,2026-03-16,2026-03-01 00:00:00,Academia SmartFit,47.22
Saúde,2026-03-16,2026-03-01 00:00:00,Academia SmartFit,124.56
Alimentação,2026-03-16,2026-03-01 00:00:00,Pao de Acucar,22.73
Alimentação,2026-03-16,2026-03-01 00:00:00,Z Delivery,90.49
Transporte,2026-03-16,2026-03-01 00:00:00,Posto Ipiranga,58.71
Educação,2026-03-16,2026-03-01 00:00:00,Alura,25.87
Saúde,2026-03-15,2026-03-01 00:00:00,Farmacia Pague Menos,55.43
Moradia,2026-03-15,2026-03-01 00:00:00,Sabesp,82.6
Transporte,2026-03-15,2026-03-01 00:00:00,Shell Select,63.44
Moradia,2026-03-15,2026-03-01 00:00:00,Enel,55.14
Saúde,2026-03-15,2026-03-01 00:00:00,Farmacia Pague Menos,119.23
Vestuário,2026-03-15,2026-03-01 00:00:00,Shopee,76.62
Alimentação,2026-03-15,2026-03-01 00:00:00,Carrefour,143.91
Moradia,2026-03-14,2026-03-01 00:00:00,Sabesp,177.67
Lazer,2026-03-14,2026-03-01 00:00:00,Amazon Prime,59.99
Educação,2026-03-14,2026-03-01 00:00:00,Livraria Cultura,21.78
Vestuário,2026-03-14,2026-03-01 00:00:00,C&A,39.2
Moradia,2026-03-14,2026-03-01 00:00:00,Vivo Internet,172.94
Vestuário,2026-03-13,2026-03-01 00:00:00,Renner,81.78
Vestuário,2026-03-13,2026-03-01 00:00:00,Mercado Livre,12.25
Lazer,2026-03-13,2026-03-01 00:00:00,Amazon Prime,24.21
Alimentação,2026-03-13,2026-03-01 00:00:00,Carrefour,99.85
Saúde,2026-03-13,2026-03-01 00:00:00,Dr Consulta,62.48
Alimentação,2026-03-12,2026-03-01 00:00:00,McDonalds,125.49
Moradia,2026-03-12,2026-03-01 00:00:00,Leroy Merlin,141.56
Alimentação,2026-03-12,2026-03-01 00:00:00,Burger King,177.86
Lazer,2026-03-12,2026-03-01 00:00:00,Amazon Prime,33.6
Vestuário,2026-03-12,2026-03-01 00:00:00,Zara,109.16
Moradia,2026-03-11,2026-03-01 00:00:00,Vivo Internet,179.31
Educação,2026-03-11,2026-03-01 00:00:00,Livraria Cultura,97.46
Transporte,2026-03-11,2026-03-01 00:00:00,Uber,104.75
Educação,2026-03-10,2026-03-01 00:00:00,Livraria Cultura,39.27
Educação,2026-03-10,2026-03-01 00:00:00,Udemy,104.91
Saúde,2026-03-10,2026-03-01 00:00:00,Academia SmartFit,47.51
Transporte,2026-03-10,2026-03-01 00:00:00,Shell Select,82.25
Lazer,2026-03-10,2026-03-01 00:00:00,Steam,26.76
Transporte,2026-03-09,2026-03-01 00:00:00,Sem Parar,191.92
Transporte,2026-03-09,2026-03-01 00:00:00,Uber,100.79
Moradia,2026-03-09,2026-03-01 00:00:00,Vivo Internet,127.29
Lazer,2026-03-08,2026-03-01 00:00:00,Cinemark,32.25
Educação,2026-03-08,2026-03-01 00:00:00,Udemy,62.28
Moradia,2026-03-08,2026-03-01 00:00:00,Vivo Internet,144.73
Saúde,2026-03-08,2026-03-01 00:00:00,Farmacia Pague Menos,41.85
Educação,2026-03-08,2026-03-01 00:00:00,Udemy,136.49
Educação,2026-03-08,2026-03-01 00:00:00,Alura,48.37
Moradia,2026-03-07,2026-03-01 00:00:00,Vivo Internet,84.69
Alimentação,2026-03-07,2026-03-01 00:00:00,McDonalds,33.44
Moradia,2026-03-07,2026-03-01 00:00:00,Enel,479.32
Transporte,2026-03-07,2026-03-01 00:00:00,Metrô SP,22.4
Lazer,2026-03-07,2026-03-01 00:00:00,Spotify,32.14
Saúde,2026-03-07,2026-03-01 00:00:00,Farmacia Pague Menos,69.77
Saúde,2026-03-07,2026-03-01 00:00:00,Academia SmartFit,49.79
Moradia,2026-03-07,2026-03-01 00:00:00,Vivo Internet,162.19
Lazer,2026-03-07,2026-03-01 00:00:00,Amazon Prime,33.7
Educação,2026-03-06,2026-03-01 00:00:00,Papelaria,79.72
Saúde,2026-03-06,2026-03-01 00:00:00,Academia SmartFit,61.03
Alimentação,2026-03-06,2026-03-01 00:00:00,Carrefour,217.63
Transporte,2026-03-06,2026-03-01 00:00:00,Sem Parar,112.24
Moradia,2026-03-06,2026-03-01 00:00:00,Condomínio,424.97
Educação,2026-03-06,2026-03-01 00:00:00,Papelaria,10.03
Transporte,2026-03-06,2026-03-01 00:00:00,Posto Ipiranga,13.76
Educação,2026-03-06,2026-03-01 00:00:00,Udemy,139.89
Vestuário,2026-03-06,2026-03-01 00:00:00,Mercado Livre,140.9
Lazer,2026-03-06,2026-03-01 00:00:00,Steam,50.69
Vestuário,2026-03-05,2026-03-01 00:00:00,C&A,102.93
Vestuário,2026-03-05,2026-03-01 00:00:00,Zara,26.53
Alimentação,2026-03-05,2026-03-01 00:00:00,Carrefour,274.31
Saúde,2026-03-04,2026-03-01 00:00:00,Farmacia Pague Menos,66.2
Vestuário,2026-03-04,2026-03-01 00:00:00,Zara,136.86
Alimentação,2026-03-04,2026-03-01 00:00:00,Z Delivery,299.44
Vestuário,2026-03-04,2026-03-01 00:00:00,C&A,127.91
Moradia,2026-03-03,2026-03-01 00:00:00,Condomínio,400.86
Moradia,2026-03-03,2026-03-01 00:00:00,Leroy Merlin,305.11
Lazer,2026-03-03,2026-03-01 00:00:00,Cinemark,40.56
Alimentação,2026-03-03,2026-03-01 00:00:00,Pao de Acucar,233.0
Moradia,2026-03-02,2026-03-01 00:00:00,Vivo Internet,98.61
Saúde,2026-03-02,2026-03-01 00:00:00,Academia SmartFit,60.89
Saúde,2026-03-02,2026-03-01 00:00:00,Academia SmartFit,55.7
Alimentação,2026-03-01,2026-03-01 00:00:00,Z Delivery,42.6
Alimentação,2026-03-01,2026-03-01 00:00:00,Padaria Central,114.57
Educação,2026-03-01,2026-03-01 00:00:00,Livraria Cultura,70.1
Transporte,2026-02-28,2026-02-01 00:00:00,Posto Ipiranga,35.22
Vestuário,2026-02-28,2026-02-01 00:00:00,Mercado Livre,98.62
Transporte,2026-02-28,2026-02-01 00:00:00,99App,96.45
Saúde,2026-02-28,2026-02-01 00:00:00,Dr Consulta,126.78
Educação,2026-02-28,2026-02-01 00:00:00,Livraria Cultura,139.52
Saúde,2026-02-27,2026-02-01 00:00:00,Dr Consulta,121.58
Lazer,2026-02-27,2026-02-01 00:00:00,Spotify,21.63
Educação,2026-02-27,2026-02-01 00:00:00,Livraria Cultura,87.84
Vestuário,2026-02-27,2026-02-01 00:00:00,Zara,111.53
Lazer,2026-02-27,2026-02-01 00:00:00,Netflix,46.28
Alimentação,2026-02-27,2026-02-01 00:00:00,Ifood,140.23
Vestuário,2026-02-27,2026-02-01 00:00:00,Zara,90.89
Educação,2026-02-26,2026-02-01 00:00:00,Papelaria,124.86
Vestuário,2026-02-26,2026-02-01 00:00:00,Mercado Livre,142.66
Vestuário,2026-02-26,2026-02-01 00:00:00,Zara,131.72
Vestuário,2026-02-25,2026-02-01 00:00:00,Shopee,106.47
Transporte,2026-02-25,2026-02-01 00:00:00,Uber,25.97
Alimentação,2026-02-25,2026-02-01 00:00:00,Z Delivery,126.29
Vestuário,2026-02-25,2026-02-01 00:00:00,Shopee,92.76
Saúde,2026-02-24,2026-02-01 00:00:00,Droga Raia,111.87
Lazer,2026-02-24,2026-02-01 00:00:00,Spotify,21.3
Educação,2026-02-24,2026-02-01 00:00:00,Livraria Cultura,88.63
Vestuário,2026-02-23,2026-02-01 00:00:00,C&A,32.39
Saúde,2026-02-22,2026-02-01 00:00:00,Farmacia Pague Menos,120.79
Moradia,2026-02-22,2026-02-01 00:00:00,Vivo Internet,460.34
Lazer,2026-02-22,2026-02-01 00:00:00,Steam,21.3
Alimentação,2026-02-22,2026-02-01 00:00:00,Z Delivery,202.02
Moradia,2026-02-21,2026-02-01 00:00:00,Condomínio,314.53
Saúde,2026-02-21,2026-02-01 00:00:00,Academia SmartFit,16.47
Vestuário,2026-02-21,2026-02-01 00:00:00,Mercado Livre,63.09
Educação,2026-02-21,2026-02-01 00:00:00,Udemy,83.22
Alimentação,2026-02-21,2026-02-01 00:00:00,Padaria Central,247.18
Saúde,2026-02-21,2026-02-01 00:00:00,Dr Consulta,106.28
Alimentação,2026-02-21,2026-02-01 00:00:00,McDonalds,76.61
Saúde,2026-02-20,2026-02-01 00:00:00,Dr Consulta,113.47
Moradia,2026-02-20,2026-02-01 00:00:00,Condomínio,88.12
Saúde,2026-02-20,2026-02-01 00:00:00,Droga Raia,21.62
Transporte,2026-02-19,2026-02-01 00:00:00,Uber,163.8
Educação,2026-02-19,2026-02-01 00:00:00,Papelaria,119.87
Transporte,2026-02-19,2026-02-01 00:00:00,Metrô SP,155.81
Moradia,2026-02-19,2026-02-01 00:00:00,Sabesp,209.13
Educação,2026-02-19,2026-02-01 00:00:00,Papelaria,63.53
Alimentação,2026-02-19,2026-02-01 00:00:00,Padaria Central,257.51
Moradia,2026-02-19,2026-02-01 00:00:00,Leroy Merlin,173.71
Vestuário,2026-02-18,2026-02-01 00:00:00,Mercado Livre,120.0
Alimentação,2026-02-18,2026-02-01 00:00:00,Burger King,274.76
Transporte,2026-02-18,2026-02-01 00:00:00,Metrô SP,143.05
Alimentação,2026-02-18,2026-02-01 00:00:00,Burger King,50.74
Lazer,2026-02-17,2026-02-01 00:00:00,Spotify,40.34
Vestuário,2026-02-17,2026-02-01 00:00:00,Renner,104.55
Moradia,2026-02-17,2026-02-01 00:00:00,Enel,64.45
Alimentação,2026-02-17,2026-02-01 00:00:00,Carrefour,126.72
Moradia,2026-02-17,2026-02-01 00:00:00,Sabesp,484.09
Vestuário,2026-02-16,2026-02-01 00:00:00,Zara,47.05
Transporte,2026-02-16,2026-02-01 00:00:00,Uber,181.31
Vestuário,2026-02-16,2026-02-01 00:00:00,Shopee,68.99
Transporte,2026-02-16,2026-02-01 00:00:00,Metrô SP,134.52
Lazer,2026-02-16,2026-02-01 00:00:00,Netflix,54.39
Educação,2026-02-15,2026-02-01 00:00:00,Udemy,72.64
Vestuário,2026-02-15,2026-02-01 00:00:00,Mercado Livre,23.97
Moradia,2026-02-15,2026-02-01 00:00:00,Leroy Merlin,76.74
Saúde,2026-02-15,2026-02-01 00:00:00,Academia SmartFit,81.69
Vestuário,2026-02-15,2026-02-01 00:00:00,Renner,96.93
Moradia,2026-02-15,2026-02-01 00:00:00,Enel,153.25
Moradia,2026-02-14,2026-02-01 00:00:00,Enel,93.65
Transporte,2026-02-14,2026-02-01 00:00:00,Posto Ipiranga,180.45
Saúde,2026-02-14,2026-02-01 00:00:00,Droga Raia,10.89
Transporte,2026-02-14,2026-02-01 00:00:00,Metrô SP,76.15
Alimentação,2026-02-13,2026-02-01 00:00:00,Ifood,79.92
Vestuário,2026-02-13,2026-02-01 00:00:00,Shopee,60.09
Saúde,2026-02-13,2026-02-01 00:00:00,Academia SmartFit,10.4
Moradia,2026-02-13,2026-02-01 00:00:00,Condomínio,93.91
Lazer,2026-02-13,2026-02-01 00:00:00,Amazon Prime,19.86
Alimentação,2026-02-13,2026-02-01 00:00:00,Burger King,176.33
Alimentação,2026-02-13,2026-02-01 00:00:00,Carrefour,62.87
Saúde,2026-02-13,2026-02-01 00:00:00,Droga Raia,142.38
Transporte,2026-02-12,2026-02-01 00:00:00,Posto Ipiranga,54.47
Vestuário,2026-02-12,2026-02-01 00:00:00,Zara,125.72
Lazer,2026-02-12,2026-02-01 00:00:00,Spotify,33.13
Vestuário,2026-02-12,2026-02-01 00:00:00,Shopee,138.65
Vestuário,2026-02-11,2026-02-01 00:00:00,Shopee,44.05
Saúde,2026-02-11,2026-02-01 00:00:00,Academia SmartFit,52.02
Alimentação,2026-02-11,2026-02-01 00:00:00,Z Delivery,55.55
Alimentação,2026-02-10,2026-02-01 00:00:00,Burger King,213.88
Alimentação,2026-02-10,2026-02-01 00:00:00,Pao de Acucar,187.35
Lazer,2026-02-10,2026-02-01 00:00:00,Steam,22.13
Saúde,2026-02-10,2026-02-01 00:00:00,Academia SmartFit,46.61
Lazer,2026-02-09,2026-02-01 00:00:00,Steam,29.69
Moradia,2026-02-09,2026-02-01 00:00:00,Enel,384.43
Saúde,2026-02-09,2026-02-01 00:00:00,Academia SmartFit,108.38
Educação,2026-02-09,2026-02-01 00:00:00,Papelaria,30.22
Educação,2026-02-09,2026-02-01 00:00:00,Alura,64.53
Alimentação,2026-02-09,2026-02-01 00:00:00,Padaria Central,299.97
Educação,2026-02-09,2026-02-01 00:00:00,Papelaria,79.74
Alimentação,2026-02-09,2026-02-01 00:00:00,Pao de Acucar,257.45
Saúde,2026-02-08,2026-02-01 00:00:00,Farmacia Pague Menos,76.68
Moradia,2026-02-08,2026-02-01 00:00:00,Condomínio,149.3
Vestuário,2026-02-07,2026-02-01 00:00:00,Renner,35.37
Moradia,2026-02-07,2026-02-01 00:00:00,Vivo Internet,452.34
Lazer,2026-02-07,2026-02-01 00:00:00,Amazon Prime,23.59
Lazer,2026-02-07,2026-02-01 00:00:00,Netflix,56.53
Alimentação,2026-02-07,2026-02-01 00:00:00,Carrefour,275.25
Transporte,2026-02-07,2026-02-01 00:00:00,Posto Ipiranga,150.71
Alimentação,2026-02-06,2026-02-01 00:00:00,Burger King,122.76
Educação,2026-02-06,2026-02-01 00:00:00,Livraria Cultura,93.42
Alimentação,2026-02-06,2026-02-01 00:00:00,McDonalds,60.48
Lazer,2026-02-06,2026-02-01 00:00:00,Amazon Prime,29.04
Saúde,2026-02-06,2026-02-01 00:00:00,Academia SmartFit,53.63
Transporte,2026-02-06,2026-02-01 00:00:00,99App,189.2
Educação,2026-02-06,2026-02-01 00:00:00,Livraria Cultura,90.86
Saúde,2026-02-06,2026-02-01 00:00:00,Droga Raia,10.66
Moradia,2026-02-05,2026-02-01 00:00:00,Vivo Internet,129.36
Vestuário,2026-02-05,2026-02-01 00:00:00,Mercado Livre,145.62
Saúde,2026-02-05,2026-02-01 00:00:00,Farmacia Pague Menos,113.54
Alimentação,2026-02-05,2026-02-01 00:00:00,Ifood,62.14
Educação,2026-02-04,2026-02-01 00:00:00,Livraria Cultura,73.37
Moradia,2026-02-04,2026-02-01 00:00:00,Sabesp,399.38
Educação,2026-02-04,2026-02-01 00:00:00,Papelaria,107.13
Educação,2026-02-04,2026-02-01 00:00:00,Alura,71.3
Educação,2026-02-04,2026-02-01 00:00:00,Alura,63.01
Vestuário,2026-02-04,2026-02-01 00:00:00,C&A,78.39
Vestuário,2026-02-04,2026-02-01 00:00:00,Renner,13.67
Educação,2026-02-04,2026-02-01 00:00:00,Alura,26.94
Alimentação,2026-02-04,2026-02-01 00:00:00,Burger King,132.24
Lazer,2026-02-04,2026-02-01 00:00:00,Steam,55.22
Educação,2026-02-04,2026-02-01 00:00:00,Udemy,85.09
Vestuário,2026-02-04,2026-02-01 00:00:00,Zara,31.22
Educação,2026-02-04,2026-02-01 00:00:00,Livraria Cultura,122.52
Transporte,2026-02-03,2026-02-01 00:00:00,Uber,97.54
Saúde,2026-02-03,2026-02-01 00:00:00,Academia SmartFit,47.42
Lazer,2026-02-03,2026-02-01 00:00:00,Spotify,32.04
Lazer,2026-02-03,2026-02-01 00:00:00,Amazon Prime,33.44
Saúde,2026-02-03,2026-02-01 00:00:00,Dr Consulta,69.71
Educação,2026-02-02,2026-02-01 00:00:00,Livraria Cultura,144.83
Saúde,2026-02-02,2026-02-01 00:00:00,Farmacia Pague Menos,119.37
Alimentação,2026-02-02,2026-02-01 00:00:00,Ifood,258.51
Vestuário,2026-02-02,2026-02-01 00:00:00,Shopee,36.96
Transporte,2026-02-01,2026-02-01 00:00:00,Posto Ipiranga,72.06
Educação,2026-02-01,2026-02-01 00:00:00,Alura,59.03
Lazer,2026-01-31,2026-01-01 00:00:00,Netflix,25.3
Alimentação,2026-01-31,2026-01-01 00:00:00,Z Delivery,158.9
Vestuário,2026-01-31,2026-01-01 00:00:00,C&A,149.03
Lazer,2026-01-31,2026-01-01 00:00:00,Spotify,55.94
Moradia,2026-01-31,2026-01-01 00:00:00,Condomínio,494.17
Saúde,2026-01-31,2026-01-01 00:00:00,Droga Raia,46.47
Transporte,2026-01-30,2026-01-01 00:00:00,Uber,74.69
Alimentação,2026-01-30,2026-01-01 00:00:00,Carrefour,264.19
Educação,2026-01-30,2026-01-01 00:00:00,Papelaria,31.37
Moradia,2026-01-29,2026-01-01 00:00:00,Sabesp,310.16
Vestuário,2026-01-29,2026-01-01 00:00:00,C&A,69.74
Educação,2026-01-29,2026-01-01 00:00:00,Livraria Cultura,49.31
Educação,2026-01-28,2026-01-01 00:00:00,Livraria Cultura,75.68
Saúde,2026-01-28,2026-01-01 00:00:00,Dr Consulta,45.07
Lazer,2026-01-28,2026-01-01 00:00:00,Amazon Prime,31.99
Saúde,2026-01-28,2026-01-01 00:00:00,Dr Consulta,69.61
Moradia,2026-01-27,2026-01-01 00:00:00,Vivo Internet,242.0
Vestuário,2026-01-27,2026-01-01 00:00:00,Shopee,81.38
Transporte,2026-01-27,2026-01-01 00:00:00,Uber,68.53
Vestuário,2026-01-27,2026-01-01 00:00:00,Zara,13.7
Vestuário,2026-01-26,2026-01-01 00:00:00,Mercado Livre,76.6
Alimentação,2026-01-26,2026-01-01 00:00:00,Padaria Central,176.07
Moradia,2026-01-26,2026-01-01 00:00:00,Leroy Merlin,75.47
Vestuário,2026-01-26,2026-01-01 00:00:00,Renner,45.09
Vestuário,2026-01-26,2026-01-01 00:00:00,Shopee,24.93
Lazer,2026-01-26,2026-01-01 00:00:00,Steam,22.5
Moradia,2026-01-25,2026-01-01 00:00:00,Condomínio,472.88
Educação,2026-01-25,2026-01-01 00:00:00,Udemy,127.42
Vestuário,2026-01-25,2026-01-01 00:00:00,Mercado Livre,80.1
Transporte,2026-01-25,2026-01-01 00:00:00,Metrô SP,170.79
Transporte,2026-01-25,2026-01-01 00:00:00,Posto Ipiranga,66.52
Moradia,2026-01-25,2026-01-01 00:00:00,Sabesp,352.59
Saúde,2026-01-25,2026-01-01 00:00:00,Farmacia Pague Menos,86.67
Alimentação,2026-01-25,2026-01-01 00:00:00,Z Delivery,184.93
Vestuário,2026-01-25,2026-01-01 00:00:00,Shopee,112.2
Vestuário,2026-01-25,2026-01-01 00:00:00,Shopee,66.74
Alimentação,2026-01-24,2026-01-01 00:00:00,McDonalds,157.58
Alimentação,2026-01-24,2026-01-01 00:00:00,Ifood,140.99
Moradia,2026-01-23,2026-01-01 00:00:00,Sabesp,90.69
Moradia,2026-01-23,2026-01-01 00:00:00,Sabesp,257.1
Educação,2026-01-22,2026-01-01 00:00:00,Udemy,39.93
Vestuário,2026-01-22,2026-01-01 00:00:00,C&A,14.46
Alimentação,2026-01-22,2026-01-01 00:00:00,Burger King,278.69
Vestuário,2026-01-22,2026-01-01 00:00:00,Shopee,33.62
Educação,2026-01-22,2026-01-01 00:00:00,Udemy,72.74
Saúde,2026-01-22,2026-01-01 00:00:00,Dr Consulta,73.72
Lazer,2026-01-22,2026-01-01 00:00:00,Amazon Prime,57.96
Transporte,2026-01-21,2026-01-01 00:00:00,Metrô SP,46.37
Alimentação,2026-01-21,2026-01-01 00:00:00,Carrefour,191.23
Transporte,2026-01-21,2026-01-01 00:00:00,Uber,34.52
Vestuário,2026-01-21,2026-01-01 00:00:00,Renner,60.2
Transporte,2026-01-21,2026-01-01 00:00:00,Metrô SP,113.9
Transporte,2026-01-20,2026-01-01 00:00:00,Sem Parar,154.02
Vestuário,2026-01-20,2026-01-01 00:00:00,Renner,114.97
Alimentação,2026-01-20,2026-01-01 00:00:00,Ifood,85.01
Saúde,2026-01-20,2026-01-01 00:00:00,Dr Consulta,141.31
Saúde,2026-01-20,2026-01-01 00:00:00,Academia SmartFit,11.09
Vestuário,2026-01-20,2026-01-01 00:00:00,Renner,33.03
Vestuário,2026-01-19,2026-01-01 00:00:00,Renner,133.42
Lazer,2026-01-19,2026-01-01 00:00:00,Spotify,59.2
Vestuário,2026-01-19,2026-01-01 00:00:00,Mercado Livre,139.32
Lazer,2026-01-19,2026-01-01 00:00:00,Spotify,52.75
Transporte,2026-01-19,2026-01-01 00:00:00,Uber,171.15
Alimentação,2026-01-19,2026-01-01 00:00:00,McDonalds,294.09
Lazer,2026-01-18,2026-01-01 00:00:00,Cinemark,47.38
Alimentação,2026-01-18,2026-01-01 00:00:00,Carrefour,213.19
Vestuário,2026-01-18,2026-01-01 00:00:00,Zara,70.36
Transporte,2026-01-17,2026-01-01 00:00:00,99App,40.88
Vestuário,2026-01-17,2026-01-01 00:00:00,C&A,78.21
Alimentação,2026-01-17,2026-01-01 00:00:00,Z Delivery,289.01
Transporte,2026-01-17,2026-01-01 00:00:00,Shell Select,65.22
Educação,2026-01-17,2026-01-01 00:00:00,Papelaria,50.39
Lazer,2026-01-17,2026-01-01 00:00:00,Cinemark,50.73
Transporte,2026-01-17,2026-01-01 00:00:00,99App,134.19
Alimentação,2026-01-16,2026-01-01 00:00:00,Z Delivery,95.42
Moradia,2026-01-16,2026-01-01 00:00:00,Enel,132.45
Vestuário,2026-01-16,2026-01-01 00:00:00,Renner,74.69
Moradia,2026-01-16,2026-01-01 00:00:00,Enel,380.05
Lazer,2026-01-16,2026-01-01 00:00:00,Spotify,42.37
Saúde,2026-01-15,2026-01-01 00:00:00,Dr Consulta,101.21
Educação,2026-01-15,2026-01-01 00:00:00,Alura,133.51
Vestuário,2026-01-15,2026-01-01 00:00:00,C&A,23.9
Saúde,2026-01-15,2026-01-01 00:00:00,Dr Consulta,42.1
Transporte,2026-01-14,2026-01-01 00:00:00,Sem Parar,70.89
Vestuário,2026-01-14,2026-01-01 00:00:00,Mercado Livre,146.0
Transporte,2026-01-14,2026-01-01 00:00:00,Shell Select,162.63
Lazer,2026-01-14,2026-01-01 00:00:00,Spotify,42.92
Alimentação,2026-01-14,2026-01-01 00:00:00,Padaria Central,205.38
Lazer,2026-01-14,2026-01-01 00:00:00,Cinemark,16.62
Alimentação,2026-01-14,2026-01-01 00:00:00,Padaria Central,171.4
Alimentação,2026-01-14,2026-01-01 00:00:00,Burger King,68.34
Alimentação,2026-01-14,2026-01-01 00:00:00,Padaria Central,124.74
Saúde,2026-01-14,2026-01-01 00:00:00,Academia SmartFit,105.36
Transporte,2026-01-14,2026-01-01 00:00:00,Sem Parar,24.88
Transporte,2026-01-13,2026-01-01 00:00:00,Shell Select,104.43
Lazer,2026-01-13,2026-01-01 00:00:00,Netflix,41.64
Lazer,2026-01-13,2026-01-01 00:00:00,Amazon Prime,53.87
Moradia,2026-01-13,2026-01-01 00:00:00,Leroy Merlin,177.51
Vestuário,2026-01-13,2026-01-01 00:00:00,Renner,149.86
Lazer,2026-01-13,2026-01-01 00:00:00,Cinemark,26.13
Saúde,2026-01-13,2026-01-01 00:00:00,Dr Consulta,73.23
Lazer,2026-01-13,2026-01-01 00:00:00,Spotify,48.07
Educação,2026-01-13,2026-01-01 00:00:00,Livraria Cultura,112.9
Moradia,2026-01-12,2026-01-01 00:00:00,Vivo Internet,304.62
Moradia,2026-01-12,2026-01-01 00:00:00,Condomínio,456.46
Moradia,2026-01-12,2026-01-01 00:00:00,Sabesp,272.11
Transporte,2026-01-12,2026-01-01 00:00:00,Shell Select,58.72
Alimentação,2026-01-12,2026-01-01 00:00:00,Ifood,23.53
Alimentação,2026-01-12,2026-01-01 00:00:00,Z Delivery,173.94
Moradia,2026-01-12,2026-01-01 00:00:00,Vivo Internet,125.44
Transporte,2026-01-11,2026-01-01 00:00:00,Uber,28.64
Lazer,2026-01-11,2026-01-01 00:00:00,Cinemark,38.5
Alimentação,2026-01-11,2026-01-01 00:00:00,McDonalds,115.82
Moradia,2026-01-11,2026-01-01 00:00:00,Enel,417.72
Transporte,2026-01-11,2026-01-01 00:00:00,Metrô SP,40.93
Alimentação,2026-01-11,2026-01-01 00:00:00,McDonalds,37.45
Educação,2026-01-10,2026-01-01 00:00:00,Udemy,74.05
Transporte,2026-01-10,2026-01-01 00:00:00,Metrô SP,177.51
Transporte,2026-01-10,2026-01-01 00:00:00,Shell Select,99.7
Moradia,2026-01-09,2026-01-01 00:00:00,Sabesp,356.2
Alimentação,2026-01-09,2026-01-01 00:00:00,Burger King,188.53
Alimentação,2026-01-09,2026-01-01 00:00:00,McDonalds,231.45
Transporte,2026-01-09,2026-01-01 00:00:00,Posto Ipiranga,71.03
Moradia,2026-01-09,2026-01-01 00:00:00,Condomínio,160.73
Saúde,2026-01-09,2026-01-01 00:00:00,Farmacia Pague Menos,123.36
Lazer,2026-01-08,2026-01-01 00:00:00,Amazon Prime,42.65
Saúde,2026-01-08,2026-01-01 00:00:00,Dr Consulta,22.79
Moradia,2026-01-08,2026-01-01 00:00:00,Leroy Merlin,126.39
Moradia,2026-01-07,2026-01-01 00:00:00,Enel,282.33
Educação,2026-01-07,2026-01-01 00:00:00,Udemy,59.22
Transporte,2026-01-07,2026-01-01 00:00:00,Metrô SP,71.97
Vestuário,2026-01-07,2026-01-01 00:00:00,Mercado Livre,91.51
Alimentação,2026-01-06,2026-01-01 00:00:00,Ifood,108.31
Lazer,2026-01-06,2026-01-01 00:00:00,Netflix,55.01
Saúde,2026-01-06,2026-01-01 00:00:00,Academia SmartFit,19.47
Alimentação,2026-01-06,2026-01-01 00:00:00,Pao de Acucar,251.81
Moradia,2026-01-06,2026-01-01 00:00:00,Condomínio,438.99
Vestuário,2026-01-05,2026-01-01 00:00:00,Zara,23.23
Transporte,2026-01-05,2026-01-01 00:00:00,99App,110.5
Saúde,2026-01-05,2026-01-01 00:00:00,Dr Consulta,112.5
Educação,2026-01-05,2026-01-01 00:00:00,Papelaria,105.28
Moradia,2026-01-05,2026-01-01 00:00:00,Leroy Merlin,198.14
Saúde,2026-01-04,2026-01-01 00:00:00,Farmacia Pague Menos,47.42
Alimentação,2026-01-04,2026-01-01 00:00:00,Pao de Acucar,110.93
Alimentação,2026-01-04,2026-01-01 00:00:00,Ifood,220.96
Lazer,2026-01-04,2026-01-01 00:00:00,Steam,47.39
Lazer,2026-01-04,2026-01-01 00:00:00,Netflix,24.49
Vestuário,2026-01-04,2026-01-01 00:00:00,Zara,18.79
Moradia,2026-01-03,2026-01-01 00:00:00,Vivo Internet,378.28
Alimentação,2026-01-03,2026-01-01 00:00:00,Padaria Central,297.7
Educação,2026-01-03,2026-01-01 00:00:00,Papelaria,126.27
Alimentação,2026-01-03,2026-01-01 00:00:00,Carrefour,142.49
Moradia,2026-01-03,2026-01-01 00:00:00,Leroy Merlin,372.66
Educação,2026-01-02,2026-01-01 00:00:00,Udemy,10.39
Educação,2026-01-02,2026-01-01 00:00:00,Livraria Cultura,90.76
Vestuário,2026-01-02,2026-01-01 00:00:00,Zara,38.94
Lazer,2026-01-02,2026-01-01 00:00:00,Cinemark,50.34
Alimentação,2026-01-01,2026-01-01 00:00:00,Carrefour,270.25
Saúde,2026-01-01,2026-01-01 00:00:00,Droga Raia,89.39
Saúde,2026-01-01,2026-01-01 00:00:00,Farmacia Pague Menos,91.44
Lazer,2026-01-01,2026-01-01 00:00:00,Cinemark,58.41
Moradia,2026-01-01,2026-01-01 00:00:00,Leroy Merlin,494.59
Transporte,2026-01-01,2026-01-01 00:00:00,Sem Parar,70.42
Vestuário,2026-01-01,2026-01-01 00:00:00,Zara,83.2
Vestuário,2026-01-01,2026-01-01 00:00:00,Shopee,143.89
Transporte,2026-01-01,2026-01-01 00:00:00,Shell Select,194.71
Educação,2026-01-01,2026-01-01 00:00:00,Udemy,97.04
Educação,2026-01-01,2026-01-01 00:00:00,Livraria Cultura,72.29
Saúde,2026-01-01,2026-01-01 00:00:00,Droga Raia,58.46
Alimentação,2026-01-01,2026-01-01 00:00:00,Padaria Central,53.51
Educação,2025-12-31,2025-12-01 00:00:00,Livraria Cultura,90.39
Transporte,2025-12-31,2025-12-01 00:00:00,Posto Ipiranga,170.55
Moradia,2025-12-31,2025-12-01 00:00:00,Sabesp,84.63
Lazer,2025-12-31,2025-12-01 00:00:00,Steam,16.93
Moradia,2025-12-31,2025-12-01 00:00:00,Vivo Internet,499.6
Vestuário,2025-12-30,2025-12-01 00:00:00,C&A,34.71
Transporte,2025-12-30,2025-12-01 00:00:00,Shell Select,128.47
Vestuário,2025-12-30,2025-12-01 00:00:00,C&A,92.6
Moradia,2025-12-30,2025-12-01 00:00:00,Sabesp,494.63
Alimentação,2025-12-30,2025-12-01 00:00:00,McDonalds,141.07
Vestuário,2025-12-30,2025-12-01 00:00:00,Zara,38.2
Educação,2025-12-30,2025-12-01 00:00:00,Livraria Cultura,118.05
Saúde,2025-12-29,2025-12-01 00:00:00,Farmacia Pague Menos,87.65
Vestuário,2025-12-29,2025-12-01 00:00:00,C&A,85.88
Lazer,2025-12-29,2025-12-01 00:00:00,Amazon Prime,32.7
Vestuário,2025-12-29,2025-12-01 00:00:00,Mercado Livre,40.4
Alimentação,2025-12-29,2025-12-01 00:00:00,McDonalds,111.39
Educação,2025-12-29,2025-12-01 00:00:00,Alura,40.94
Lazer,2025-12-29,2025-12-01 00:00:00,Spotify,57.38
Moradia,2025-12-29,2025-12-01 00:00:00,Enel,136.7
Vestuário,2025-12-29,2025-12-01 00:00:00,Zara,78.36
Saúde,2025-12-28,2025-12-01 00:00:00,Dr Consulta,133.7
Moradia,2025-12-28,2025-12-01 00:00:00,Vivo Internet,114.93
Vestuário,2025-12-28,2025-12-01 00:00:00,Zara,15.78
Vestuário,2025-12-28,2025-12-01 00:00:00,C&A,75.11
Lazer,2025-12-28,2025-12-01 00:00:00,Amazon Prime,26.91
Vestuário,2025-12-28,2025-12-01 00:00:00,C&A,48.08
Moradia,2025-12-28,2025-12-01 00:00:00,Vivo Internet,104.43
Saúde,2025-12-28,2025-12-01 00:00:00,Academia SmartFit,80.52
Saúde,2025-12-28,2025-12-01 00:00:00,Farmacia Pague Menos,13.13
Saúde,2025-12-27,2025-12-01 00:00:00,Dr Consulta,73.0
Educação,2025-12-27,2025-12-01 00:00:00,Papelaria,15.39
Moradia,2025-12-27,2025-12-01 00:00:00,Sabesp,201.13
Moradia,2025-12-27,2025-12-01 00:00:00,Vivo Internet,465.74
Lazer,2025-12-26,2025-12-01 00:00:00,Spotify,54.69
Transporte,2025-12-26,2025-12-01 00:00:00,Shell Select,17.88
Lazer,2025-12-26,2025-12-01 00:00:00,Steam,46.87
Alimentação,2025-12-25,2025-12-01 00:00:00,McDonalds,225.23
Educação,2025-12-25,2025-12-01 00:00:00,Livraria Cultura,15.54
Transporte,2025-12-25,2025-12-01 00:00:00,Shell Select,197.6
Transporte,2025-12-25,2025-12-01 00:00:00,Metrô SP,95.73
Lazer,2025-12-25,2025-12-01 00:00:00,Amazon Prime,26.38
Saúde,2025-12-25,2025-12-01 00:00:00,Farmacia Pague Menos,121.12
Transporte,2025-12-23,2025-12-01 00:00:00,99App,171.2
Saúde,2025-12-23,2025-12-01 00:00:00,Droga Raia,59.37
Alimentação,2025-12-23,2025-12-01 00:00:00,Z Delivery,24.92
Vestuário,2025-12-23,2025-12-01 00:00:00,Shopee,22.89
Educação,2025-12-23,2025-12-01 00:00:00,Livraria Cultura,137.01
Educação,2025-12-23,2025-12-01 00:00:00,Alura,65.88
Alimentação,2025-12-23,2025-12-01 00:00:00,McDonalds,203.64
Saúde,2025-12-23,2025-12-01 00:00:00,Academia SmartFit,20.64
Saúde,2025-12-22,2025-12-01 00:00:00,Dr Consulta,77.12
Saúde,2025-12-22,2025-12-01 00:00:00,Droga Raia,47.53
Vestuário,2025-12-22,2025-12-01 00:00:00,Renner,86.4
Moradia,2025-12-22,2025-12-01 00:00:00,Enel,349.23
Lazer,2025-12-22,2025-12-01 00:00:00,Netflix,36.14
Saúde,2025-12-22,2025-12-01 00:00:00,Droga Raia,144.98
Educação,2025-12-22,2025-12-01 00:00:00,Papelaria,48.84
Lazer,2025-12-22,2025-12-01 00:00:00,Netflix,48.14
Vestuário,2025-12-22,2025-12-01 00:00:00,Zara,120.07
Transporte,2025-12-21,2025-12-01 00:00:00,99App,157.04
Lazer,2025-12-21,2025-12-01 00:00:00,Amazon Prime,42.95
Lazer,2025-12-20,2025-12-01 00:00:00,Spotify,48.85
Educação,2025-12-20,2025-12-01 00:00:00,Udemy,41.17
Transporte,2025-12-20,2025-12-01 00:00:00,99App,123.56
Lazer,2025-12-19,2025-12-01 00:00:00,Spotify,21.33
Saúde,2025-12-19,2025-12-01 00:00:00,Dr Consulta,143.97
Vestuário,2025-12-19,2025-12-01 00:00:00,Shopee,128.09
Educação,2025-12-18,2025-12-01 00:00:00,Papelaria,34.03
Alimentação,2025-12-18,2025-12-01 00:00:00,Padaria Central,139.74
Vestuário,2025-12-18,2025-12-01 00:00:00,Shopee,147.32
Saúde,2025-12-18,2025-12-01 00:00:00,Farmacia Pague Menos,49.04
Moradia,2025-12-18,2025-12-01 00:00:00,Condomínio,213.0
Alimentação,2025-12-18,2025-12-01 00:00:00,McDonalds,41.23
Educação,2025-12-16,2025-12-01 00:00:00,Udemy,130.28
Alimentação,2025-12-16,2025-12-01 00:00:00,Padaria Central,36.86
Moradia,2025-12-16,2025-12-01 00:00:00,Condomínio,446.16
Alimentação,2025-12-16,2025-12-01 00:00:00,Z Delivery,24.59
Moradia,2025-12-16,2025-12-01 00:00:00,Vivo Internet,55.76
Lazer,2025-12-16,2025-12-01 00:00:00,Steam,54.0
Vestuário,2025-12-16,2025-12-01 00:00:00,Shopee,127.61
Transporte,2025-12-16,2025-12-01 00:00:00,Sem Parar,27.24
Vestuário,2025-12-16,2025-12-01 00:00:00,Shopee,104.18
Vestuário,2025-12-16,2025-12-01 00:00:00,Zara,126.63
Moradia,2025-12-16,2025-12-01 00:00:00,Condomínio,251.85
Transporte,2025-12-16,2025-12-01 00:00:00,Shell Select,164.53
Transporte,2025-12-16,2025-12-01 00:00:00,Posto Ipiranga,44.72
Vestuário,2025-12-15,2025-12-01 00:00:00,Zara,80.08
Saúde,2025-12-15,2025-12-01 00:00:00,Farmacia Pague Menos,13.28
Alimentação,2025-12-15,2025-12-01 00:00:00,Burger King,260.84
Educação,2025-12-15,2025-12-01 00:00:00,Udemy,47.64
Alimentação,2025-12-15,2025-12-01 00:00:00,McDonalds,243.04
Transporte,2025-12-15,2025-12-01 00:00:00,Uber,112.3
Saúde,2025-12-15,2025-12-01 00:00:00,Dr Consulta,11.08
Lazer,2025-12-14,2025-12-01 00:00:00,Steam,31.36
Saúde,2025-12-14,2025-12-01 00:00:00,Farmacia Pague Menos,117.64
Moradia,2025-12-14,2025-12-01 00:00:00,Enel,203.19
Alimentação,2025-12-14,2025-12-01 00:00:00,Padaria Central,170.3
Alimentação,2025-12-14,2025-12-01 00:00:00,Padaria Central,67.65
Lazer,2025-12-13,2025-12-01 00:00:00,Netflix,58.45
Moradia,2025-12-13,2025-12-01 00:00:00,Sabesp,232.24
Moradia,2025-12-13,2025-12-01 00:00:00,Leroy Merlin,231.01
Moradia,2025-12-13,2025-12-01 00:00:00,Enel,356.4
Lazer,2025-12-13,2025-12-01 00:00:00,Cinemark,50.47
Moradia,2025-12-12,2025-12-01 00:00:00,Enel,165.53
Educação,2025-12-12,2025-12-01 00:00:00,Alura,149.86
Saúde,2025-12-12,2025-12-01 00:00:00,Droga Raia,86.71
Saúde,2025-12-12,2025-12-01 00:00:00,Droga Raia,12.41
Saúde,2025-12-12,2025-12-01 00:00:00,Academia SmartFit,27.43
Lazer,2025-12-11,2025-12-01 00:00:00,Amazon Prime,55.31
Educação,2025-12-11,2025-12-01 00:00:00,Udemy,99.19
Moradia,2025-12-10,2025-12-01 00:00:00,Condomínio,239.6
Educação,2025-12-10,2025-12-01 00:00:00,Udemy,33.05
Alimentação,2025-12-10,2025-12-01 00:00:00,Ifood,296.15
Lazer,2025-12-10,2025-12-01 00:00:00,Netflix,34.86
Lazer,2025-12-09,2025-12-01 00:00:00,Amazon Prime,44.26
Moradia,2025-12-09,2025-12-01 00:00:00,Condomínio,368.64
Saúde,2025-12-09,2025-12-01 00:00:00,Farmacia Pague Menos,49.44
Lazer,2025-12-09,2025-12-01 00:00:00,Spotify,37.79
